<?xml version="1.0"?>
<doc>
    <assembly>
        <name>Fnv1a128</name>
    </assembly>
    <members>
        <member name="T:net.r_eg.algorithms.Fnv1a">
            <summary>
            FNV-1a high-speed implementations using *LX4Cnh etc.
            </summary>
            <remarks>*https://github.com/3F/LX4Cnh </remarks>
        </member>
        <member name="M:net.r_eg.algorithms.Fnv1a.GetHash128LX4Cnh(System.String,System.UInt64@)">
            <inheritdoc cref="M:net.r_eg.algorithms.Fnv1a.GetHash128LX4Cnh(System.UInt64,System.UInt64,System.String,System.UInt64@)"/>
        </member>
        <member name="M:net.r_eg.algorithms.Fnv1a.GetHash128LX4Cnh(System.UInt64,System.UInt64,System.String,System.UInt64@)">
            <summary>
            Get a 128-bit hash value using LX4Cnh algorithm.
            </summary>
            <param name="baseH">High 64 bits of the base offset.</param>
            <param name="baseL">Low 64 bits of the base offset.</param>
            <param name="input">Input string to process value.</param>
            <param name="low">Low 64 bits from a 128-bit result.</param>
            <returns>High 64 bits from a 128-bit result.</returns>
        </member>
        <member name="T:net.r_eg.algorithms.LX4Cnh">
            <summary>
            The high-speed multiplications of 128-bit numbers using LodgeX4CorrNoHigh (LX4Cnh) algorithm.
            </summary>
            <remarks>
            Use embeddable version to reduce the amount of unnecessary stack manipulations. <br/>
            https://github.com/3F/LX4Cnh
            </remarks>
        </member>
        <member name="M:net.r_eg.algorithms.LX4Cnh.Multiply(System.UInt32,System.UInt32,System.UInt32,System.UInt32,System.UInt32,System.UInt32,System.UInt32,System.UInt32,System.UInt64@)">
            <summary>
            High-speed multiplication of a 128-bit x 128-bit numbers.
            </summary>
            <param name="a">The first high 32 bits of the input value.</param>
            <param name="b">Second high 32 bits of the input value.</param>
            <param name="c">The first low 32 bits of the input value.</param>
            <param name="d">Second low 32 bits of the input value.</param>
            <param name="ma">The first high 32 bits of the multiplier.</param>
            <param name="mb">Second high 32 bits of the multiplier.</param>
            <param name="mc">The first low 32 bits of the multiplier.</param>
            <param name="md">Second low 32 bits of the multiplier.</param>
            <param name="low">Low 6 bits from a 128-bit result.</param>
            <returns>High 64 bits from a 128-bit result.</returns>
        </member>
        <member name="M:net.r_eg.algorithms.LX4Cnh.Multiply(System.UInt64,System.UInt64,System.UInt64,System.UInt64,System.UInt64@)">
            <summary>
            High-speed multiplication of a 128-bit x 128-bit numbers.
            </summary>
            <param name="a">High 64 bits of the input value.</param>
            <param name="b">Low 64 bits of the input value.</param>
            <param name="ma">High 64 bits of the multiplier.</param>
            <param name="mb">Low 64 bits of the multiplier.</param>
            <param name="low">Low 64 bits from a 128-bit result.</param>
            <returns>High 64 bits from a 128-bit result.</returns>
        </member>
        <member name="M:net.r_eg.algorithms.LX4Cnh.Multiply(System.UInt64,System.UInt64,System.UInt64,System.UInt64)">
            <returns>Significant bytes of a 128-bit result.</returns>
            <inheritdoc cref="M:net.r_eg.algorithms.LX4Cnh.Multiply(System.UInt64,System.UInt64,System.UInt64,System.UInt64,System.UInt64@)"/>
        </member>
        <member name="M:net.r_eg.algorithms.LX4Cnh.Multiply(System.UInt32,System.UInt32,System.UInt32,System.UInt32,System.UInt32,System.UInt32,System.UInt32,System.UInt32)">
            <returns>Significant bytes of a 128-bit result.</returns>
            <inheritdoc cref="M:net.r_eg.algorithms.LX4Cnh.Multiply(System.UInt32,System.UInt32,System.UInt32,System.UInt32,System.UInt32,System.UInt32,System.UInt32,System.UInt32,System.UInt64@)"/>
        </member>
    </members>
</doc>
